,AREA,YEAR_op,carbonCosts_Pvar
0,France,2020,315563058.6524526
1,France,2030,530374986.65498364
2,France,2040,577062541.4752173
3,France,2050,515007387.4844104
