,YEAR_op,objective_Pvar
0,2020,16509227223.611786
1,2030,12063747328.12773
2,2040,11196787154.301859
3,2050,9081723362.959373
