,YEAR_op,objective_Pvar
0,2020,91662874.55947053
1,2030,119610755.77436385
2,2040,107836640.68788625
3,2050,85624232.80363195
