,YEAR_op,objective_Pvar
0,2020,91662874.55947053
1,2030,103584016.94232859
2,2040,87239657.7163884
3,2050,64381240.819201216
