,AREA,YEAR_op,carbonCosts_Pvar
0,Marseille,2020,47784580.88856471
1,Marseille,2030,23812443.208951876
2,Marseille,2040,23047826.720545802
3,Marseille,2050,7745718.974967534
