,YEAR_op,objective_Pvar
0,2020,91662874.55947053
1,2030,118370484.33564594
2,2040,108972441.71333523
3,2050,87883389.54283907
