,AREA,YEAR_op,carbonCosts_Pvar
0,Marseille,2020,17986356.159581367
1,Marseille,2030,10259170.256246794
2,Marseille,2040,5594422.308700459
3,Marseille,2050,892570.1030637491
