,YEAR_op,objective_Pvar
0,2020,34502366.19805152
1,2030,26168457.56958013
2,2040,13908219.338501783
3,2050,7199385.344899483
