,YEAR_op,objective_Pvar
0,2020,91662874.55947053
1,2030,121538662.37600209
2,2040,140388679.28770655
3,2050,103210679.52456178
