,AREA,YEAR_op,carbonCosts_Pvar
0,Marseille,2020,47784580.88856471
1,Marseille,2030,32495703.514541067
2,Marseille,2040,12448439.798717802
3,Marseille,2050,6277405.13776678
