,YEAR_op,objective_Pvar
0,2020,91662874.55947053
1,2030,119336779.48425224
2,2040,97664472.11119467
3,2050,86173350.19355279
