,AREA,YEAR_op,carbonCosts_Pvar
0,Marseille,2020,47784580.88856471
1,Marseille,2030,15529919.61170675
2,Marseille,2040,10844681.150234645
3,Marseille,2050,4295576.932440765
