,AREA,YEAR_op,HORAIRE,max_PS_Dvar
0,Marseille,2020,HPE,0.0
1,Marseille,2020,HCH,0.0
2,Marseille,2020,HCE,0.0
3,Marseille,2020,HPH,0.0
4,Marseille,2020,P,0.0
5,Marseille,2030,HPE,1551.843480024593
6,Marseille,2030,HCH,1551.843480024593
7,Marseille,2030,HCE,1551.843480024593
8,Marseille,2030,HPH,1472.835531188562
9,Marseille,2030,P,563.0049030841021
