,AREA,YEAR_op,carbonCosts_Pvar
0,France,2020,237535163.59290504
1,France,2030,493865022.7757926
2,France,2040,322402924.26442677
3,France,2050,239142342.30110076
