,YEAR_op,objective_Pvar
0,2020,12575217134.652903
1,2030,8357241086.818665
2,2040,7147789493.4461155
3,2050,4930403563.68678
