,YEAR_op,objective_Pvar
0,2020,91662874.55947053
1,2030,120848986.43775417
2,2040,105502376.35561611
3,2050,78796624.16485819
