,YEAR_op,objective_Pvar
0,2020,91662874.55947053
1,2030,119574314.82058442
2,2040,104449397.20901096
3,2050,82947771.44153097
