,AREA,YEAR_op,carbonCosts_Pvar
0,France,2020,315563058.6524528
1,France,2030,763939895.0476221
2,France,2040,601275554.0078076
3,France,2050,534352310.25248945
