,YEAR_op,objective_Pvar
0,2020,16509227223.611786
1,2030,11612435911.923225
2,2040,11172588546.024738
3,2050,9072591126.809471
