,YEAR_op,objective_Pvar
0,2020,91662874.55947053
1,2030,122520548.88212936
2,2040,121272456.78278264
3,2050,93030294.60456046
