,AREA,YEAR_op,carbonCosts_Pvar
0,Marseille,2020,52335493.3541425
1,Marseille,2030,35601051.93686182
2,Marseille,2040,19654805.685215984
3,Marseille,2050,-0.0
