,YEAR_op,objective_Pvar
0,2020,96213787.02504833
1,2030,123971925.24996151
2,2040,107243223.59340721
3,2050,83999791.05647302
