,AREA,YEAR_op,carbonCosts_Pvar
0,France,2020,206432727.11812383
1,France,2030,393123892.92395085
2,France,2040,236693955.87893158
3,France,2050,159965227.54299566
