,YEAR_op,objective_Pvar
0,2020,11013115254.360804
1,2030,7192004133.808465
2,2040,5776053742.45778
3,2050,3669624332.8614
