,AREA,YEAR_op,carbonCosts_Pvar
0,Marseille,2020,47784580.88856471
1,Marseille,2030,21358126.193860486
2,Marseille,2040,102291.84261527378
3,Marseille,2050,54805.43600572218
