,YEAR_op,objective_Pvar
0,2020,91662874.55947053
1,2030,110440038.43347251
2,2040,97252557.48643677
3,2050,76523569.7110806
