,AREA,YEAR_op,carbonCosts_Pvar
0,France,2020,180437379.48153946
1,France,2030,311634532.1449512
2,France,2040,175231293.59394413
3,France,2050,107927798.87708217
