,YEAR_op,objective_Pvar
0,2020,9666550697.217533
1,2030,6228194038.106572
2,2040,4697062479.566861
3,2050,2739803089.6054077
