,AREA,YEAR_op,carbonCosts_Pvar
0,Marseille,2020,41395047.441700615
1,Marseille,2030,18745842.463597104
2,Marseille,2040,17899986.723361667
3,Marseille,2050,6129442.951297099
