,YEAR_op,objective_Pvar
0,2020,79406138.34995721
1,2030,95589145.13150102
2,2040,80957324.82884283
3,2050,60749780.79410811
