,AREA,YEAR_op,carbonCosts_Pvar
0,Marseille,2020,47784580.88856471
1,Marseille,2030,34957691.91216239
2,Marseille,2040,21967053.780488085
3,Marseille,2050,3613316.239001484
