,YEAR_op,objective_Pvar
0,2020,91662874.55947053
1,2030,127489743.20866542
2,2040,112758248.56314665
3,2050,87479380.23537955
