,AREA,YEAR_op,carbonCosts_Pvar
0,France,2020,315563058.6524526
1,France,2030,709510429.4983228
2,France,2040,594568451.8818458
3,France,2050,525017385.1765494
