,YEAR_op,objective_Pvar
0,2020,16509227223.611786
1,2030,11810316260.439531
2,2040,11184001122.391161
3,2050,9077749329.58641
