,YEAR_op,objective_Pvar
0,2020,91662874.55947053
1,2030,134867511.22129947
2,2040,190759536.87683824
3,2050,121787879.86306217
