,AREA,YEAR_op,carbonCosts_Pvar
0,Marseille,2020,47784580.88856471
1,Marseille,2030,15552278.441023506
2,Marseille,2040,-0.0
3,Marseille,2050,-0.0
