,YEAR_op,objective_Pvar
0,2020,91662874.55947053
1,2030,199270281.8204414
2,2040,130769446.14853516
3,2050,86736868.19287291
