,AREA,YEAR_op,carbonCosts_Pvar
0,Marseille,2020,47784580.88856471
1,Marseille,2030,30865368.072132677
2,Marseille,2040,15106031.601025948
3,Marseille,2050,-0.0
