,AREA,YEAR_op,carbonCosts_Pvar
0,Marseille,2020,47784580.88856471
1,Marseille,2030,32388466.55471685
2,Marseille,2040,18417756.894138716
3,Marseille,2050,3095590.08813891
