,YEAR_op,objective_Pvar
0,2020,91662874.55947053
1,2030,119324845.88437691
2,2040,104165545.62304375
3,2050,81963318.10211979
