,AREA,YEAR_op,carbonCosts_Pvar
0,Marseille,2020,47784580.88856471
1,Marseille,2030,11363982.921702275
2,Marseille,2040,1054251.561224003
3,Marseille,2050,-0.0
