,YEAR_op,objective_Pvar
0,2020,91662874.55947053
1,2030,123667560.76423799
2,2040,107409105.93589953
3,2050,79402516.56757703
