,YEAR_op,objective_Pvar
0,2020,91662874.55947053
1,2030,119397629.38494997
2,2040,104143027.371679
3,2050,81632702.84545809
