,AREA,YEAR_op,carbonCosts_Pvar
0,Marseille,2020,52335493.3541425
1,Marseille,2030,27397112.079127032
2,Marseille,2040,20786394.069955952
3,Marseille,2050,10606660.70101665
