,YEAR_op,objective_Pvar
0,2020,96213787.02504833
1,2030,121955153.2058211
2,2040,111724179.23649251
3,2050,91441129.34755331
