,AREA,YEAR_op,carbonCosts_Pvar
0,Marseille,2020,47784580.88856471
1,Marseille,2030,19781965.433146767
2,Marseille,2040,1476933.0395111565
3,Marseille,2050,-0.0
