,YEAR_op,objective_Pvar
0,2020,91662874.55947053
1,2030,179765077.26041755
2,2040,124335157.65918437
3,2050,98122881.171473
