,AREA,YEAR_op,carbonCosts_Pvar
0,France,2020,315563058.6524527
1,France,2030,780934992.4930346
2,France,2040,599950490.8488915
3,France,2050,535737004.2460917
