,YEAR_op,objective_Pvar
0,2020,16501365824.099688
1,2030,11528828806.450548
2,2040,11152135768.733303
3,2050,9066798812.035872
