,AREA,YEAR_op,carbonCosts_Pvar
0,Marseille,2020,47784580.88856471
1,Marseille,2030,21355069.118658673
2,Marseille,2040,1803897.3867377718
3,Marseille,2050,39103.51533553744
