,YEAR_op,objective_Pvar
0,2020,91662874.55947053
1,2030,114952260.33577502
2,2040,98162120.53359812
3,2050,81878529.07029781
