,YEAR_op,objective_Pvar
0,2020,91662874.55947053
1,2030,134867511.22129947
2,2040,191324309.8058649
3,2050,123958344.13885438
