,YEAR_op,objective_Pvar
0,2020,91662874.55947053
1,2030,134867511.22129947
2,2040,199802282.4103038
3,2050,126746793.51405206
