,AREA,YEAR_op,carbonCosts_Pvar
0,Marseille,2020,52335493.3541425
1,Marseille,2030,669805.9207947771
2,Marseille,2040,124330.0812614591
3,Marseille,2050,42932.455054134974
