,YEAR_op,objective_Pvar
0,2020,96213787.02504833
1,2030,206668153.17203084
2,2040,147308304.6144128
3,2050,103514062.9777991
