,AREA,YEAR_op,carbonCosts_Pvar
0,Marseille,2020,47784580.88856471
1,Marseille,2030,20089392.62154377
2,Marseille,2040,3269512.0528066983
3,Marseille,2050,734142.6339698124
