,YEAR_op,objective_Pvar
0,2020,91662874.55947053
1,2030,111134230.27136308
2,2040,95381049.3377459
3,2050,76985602.9272231
