,AREA,YEAR_op,carbonCosts_Pvar
0,France,2020,319851484.8275773
1,France,2030,515719724.8804667
2,France,2040,573643007.939455
3,France,2050,515952617.0876543
