,YEAR_op,objective_Pvar
0,2020,16506241429.740648
1,2030,12157455572.434708
2,2040,11215289187.415264
3,2050,9095073346.851898
