,AREA,YEAR_op,carbonCosts_Pvar
0,Marseille,2020,47784580.88856471
1,Marseille,2030,23812443.208951876
2,Marseille,2040,18287429.02838253
3,Marseille,2050,7869713.478096864
