,AREA,YEAR_op,carbonCosts_Pvar
0,Marseille,2020,35107039.02016433
1,Marseille,2030,30357362.43532081
2,Marseille,2040,26250275.546373736
3,Marseille,2050,19908060.20251641
