,YEAR_op,objective_Pvar
0,2020,78985332.69107017
1,2030,99613900.61716416
2,2040,89263379.07079318
3,2050,76151288.4224318
