,AREA,YEAR_op,carbonCosts_Pvar
0,France,2020,273596202.64151156
1,France,2030,620695774.8190517
2,France,2040,439112277.9359764
3,France,2050,358214638.47038263
