,YEAR_op,objective_Pvar
0,2020,14392225047.6675
1,2030,9781281929.648195
2,2040,8897991257.016848
3,2050,6666976444.105516
