,AREA,YEAR_op,carbonCosts_Pvar
0,Marseille,2020,47784580.88856471
1,Marseille,2030,52282124.194158725
2,Marseille,2040,120963.34738312478
3,Marseille,2050,61911.65083733255
