,YEAR_op,objective_Pvar
0,2020,91662874.55947053
1,2030,122520548.88212936
2,2040,117833629.1278412
3,2050,84672947.17519373
