,YEAR_op,objective_Pvar
0,2020,91662874.55947053
1,2030,126051305.95113759
2,2040,109233141.77848217
3,2050,89482392.7858995
