,YEAR_op,objective_Pvar
0,2020,91662874.55947053
1,2030,119171095.16118924
2,2040,99348468.28834178
3,2050,86776301.8482339
