,AREA,YEAR_op,carbonCosts_Pvar
0,Marseille,2020,47784580.88856471
1,Marseille,2030,27587120.51092984
2,Marseille,2040,24331400.425539177
3,Marseille,2050,5571651.321849351
