,YEAR_op,objective_Pvar
0,2020,91662874.55947053
1,2030,118790539.96405868
2,2040,107187863.67935091
3,2050,82106675.73152843
