,YEAR_op,objective_Pvar
0,2020,91662874.55947053
1,2030,126051305.95113759
2,2040,159044309.82188025
3,2050,105346661.96461602
