,AREA,YEAR_op,carbonCosts_Pvar
0,Marseille,2020,47784580.88856471
1,Marseille,2030,46084601.92900876
2,Marseille,2040,24602666.556929667
3,Marseille,2050,34715.37249234611
