,AREA,YEAR_op,carbonCosts_Pvar
0,Marseille,2020,47784580.88856471
1,Marseille,2030,34999306.70661991
2,Marseille,2040,4103960.140577616
3,Marseille,2050,54068.39793668223
