,YEAR_op,objective_Pvar
0,2020,91662874.55947053
1,2030,140061453.75910044
2,2040,109150617.92621315
3,2050,77009422.9239103
