,AREA,YEAR_op,carbonCosts_Pvar
0,Marseille,2020,47784580.88856471
1,Marseille,2030,20089392.62154377
2,Marseille,2040,3018159.886464353
3,Marseille,2050,24745.34702410794
