,YEAR_op,objective_Pvar
0,2020,91662874.55947053
1,2030,111134230.27136308
2,2040,94167727.53511529
3,2050,68327841.01109338
