,YEAR_op,objective_Pvar
0,2020,91662874.55947053
1,2030,120848986.43775417
2,2040,119953984.55715519
3,2050,138115191.95030802
