,AREA,YEAR_op,carbonCosts_Pvar
0,Marseille,2020,47784580.88856471
1,Marseille,2030,32388466.55471685
2,Marseille,2040,15687179.570024839
3,Marseille,2050,-0.0
