,YEAR_op,objective_Pvar
0,2020,91662874.55947053
1,2030,119324845.88437688
2,2040,104046748.17589827
3,2050,80900722.63140745
