,YEAR_op,objective_Pvar
0,2020,91662874.55947053
1,2030,113628961.25166178
2,2040,102634660.35588923
3,2050,82340164.61712092
