,AREA,YEAR_op,carbonCosts_Pvar
0,Marseille,2020,47784580.88856471
1,Marseille,2030,726591.660532179
2,Marseille,2040,107559.71354597826
3,Marseille,2050,35722.63340072399
