,YEAR_op,objective_Pvar
0,2020,91662874.55947053
1,2030,201678636.76221666
2,2040,146180809.26122785
3,2050,103252563.48662728
