,AREA,YEAR_op,carbonCosts_Pvar
0,Marseille,2020,47784580.88856471
1,Marseille,2030,25451914.048813865
2,Marseille,2040,16771434.985463412
3,Marseille,2050,7647097.76660406
