,YEAR_op,objective_Pvar
0,2020,91662874.55947053
1,2030,118552928.79351355
2,2040,104975871.21180782
3,2050,87867105.17987937
