,YEAR_op,objective_Pvar
0,2020,91662874.55947053
1,2030,127852477.46866602
2,2040,172597992.52002287
3,2050,113210042.81965283
