,YEAR_op,objective_Pvar
0,2020,91662874.55947053
1,2030,87754402.34691583
2,2040,83311410.31372353
3,2050,74121358.54726878
