,YEAR_op,objective_Pvar
0,2020,91662874.55947053
1,2030,199052408.24560863
2,2040,162664693.9895044
3,2050,104325361.36860768
