,AREA,YEAR_op,HORAIRE,max_PS_Dvar
0,Marseille,2020,HPE,0.0
1,Marseille,2020,HCH,0.0
2,Marseille,2020,HCE,0.0
3,Marseille,2020,HPH,0.0
4,Marseille,2020,P,0.0
5,Marseille,2030,HPE,838.2446478172744
6,Marseille,2030,HCH,838.2446478172744
7,Marseille,2030,HCE,838.2446478172744
8,Marseille,2030,HPH,838.2446478172744
9,Marseille,2030,P,372.37241956469074
