,AREA,YEAR_op,carbonCosts_Pvar
0,Marseille,2020,47784580.88856471
1,Marseille,2030,12740705.775444971
2,Marseille,2040,494577.29832873656
3,Marseille,2050,54068.39793668214
