,YEAR_op,objective_Pvar
0,2020,91662874.55947053
1,2030,128675813.16456246
2,2040,104413208.58128451
3,2050,76204027.74343978
