,AREA,YEAR_op,carbonCosts_Pvar
0,Marseille,2020,47784580.88856471
1,Marseille,2030,35495883.64277275
2,Marseille,2040,15260509.619914114
3,Marseille,2050,9221405.251820704
