,YEAR_op,objective_Pvar
0,2020,91662874.55947053
1,2030,142448946.9762909
2,2040,116406573.57104507
3,2050,94407487.96503818
