,AREA,YEAR_op,carbonCosts_Pvar
0,Marseille,2020,55236925.816064164
1,Marseille,2030,30318437.95316908
2,Marseille,2040,24481981.692508735
3,Marseille,2050,9497515.659244437
