,YEAR_op,objective_Pvar
0,2020,105958351.16638175
1,2030,147421239.3214023
2,2040,144606328.93062672
3,2050,128845871.62755027
