,AREA,YEAR_op,carbonCosts_Pvar
0,France,2020,315563058.6524525
1,France,2030,573829079.3323976
2,France,2040,580500823.700974
3,France,2050,515674228.63905793
