,YEAR_op,objective_Pvar
0,2020,16509227223.611786
1,2030,12026750590.540508
2,2040,11195346529.247452
3,2050,9081332427.596478
