,AREA,YEAR_op,carbonCosts_Pvar
0,France,2020,315563058.65245247
1,France,2030,433889127.3300569
2,France,2040,570369930.4495347
3,France,2050,513259360.4596269
