,YEAR_op,objective_Pvar
0,2020,16509227223.611786
1,2030,12074520719.266376
2,2040,11185846809.031496
3,2050,9070756041.307362
