,YEAR_op,objective_Pvar
0,2020,91662874.55947053
1,2030,118370484.33564594
2,2040,109784339.31154104
3,2050,90030876.513621
