,AREA,YEAR_op,carbonCosts_Pvar
0,Marseille,2020,47784580.88856471
1,Marseille,2030,29861567.184598558
2,Marseille,2040,13750110.5759131
3,Marseille,2050,6733911.699576259
