,YEAR_op,objective_Pvar
0,2020,91662874.55947053
1,2030,119043646.1372094
2,2040,100888107.70713665
3,2050,87302870.02586894
