,YEAR_op,carbonCosts_Pvar
0,2040,682454997.7264644
1,2050,893358052.1209884
2,2020,123003110.80611672
3,2030,613805721.3968855
