,YEAR_invest,STOCK_TECHNO,CmaxInvest_Dvar
0,2040,saltCavernH2_G,52744.42415286029
1,2040,Battery,45414.330076701845
2,2010,saltCavernH2_G,0.0
3,2010,Battery,0.0
4,2020,saltCavernH2_G,3808.5931283412506
5,2020,Battery,-0.0
6,2030,saltCavernH2_G,9038.29849366383
7,2030,Battery,2208.1133914623265
