,YEAR_op,STOCK_TECHNO,storageCosts_Pvar
0,2040,saltCavernH2_G,130820026.94907717
1,2040,Battery,30462608.810888838
2,2050,saltCavernH2_G,434809028.98967737
3,2050,Battery,296165477.4095072
4,2020,saltCavernH2_G,-0.0
5,2020,Battery,-0.0
6,2030,saltCavernH2_G,45473810.44403051
7,2030,Battery,-0.0
