,YEAR_op,objective_Pvar
0,2020,91662874.55947053
1,2030,199335552.9012748
2,2040,135188165.56063458
3,2050,92237575.04906659
