,AREA,YEAR_op,HORAIRE,max_PS_Dvar
0,Marseille,2020,HPE,0.0
1,Marseille,2020,HCH,0.0
2,Marseille,2020,HCE,0.0
3,Marseille,2020,HPH,0.0
4,Marseille,2020,P,0.0
5,Marseille,2030,HPE,964.738182506543
6,Marseille,2030,HCH,844.4685167859514
7,Marseille,2030,HCE,964.738182506543
8,Marseille,2030,HPH,844.4685167859514
9,Marseille,2030,P,552.6579901533883
