,AREA,YEAR_op,carbonCosts_Pvar
0,France,2020,315563058.6524525
1,France,2030,635430308.0168024
2,France,2040,585807185.5585768
3,France,2050,520716343.6373634
