,YEAR_op,objective_Pvar
0,2020,16509227223.611786
1,2030,11940942303.70104
2,2040,11191733239.89314
3,2050,9080328350.803072
