,AREA,YEAR_op,carbonCosts_Pvar
0,France,2020,315563058.6524525
1,France,2030,779677440.1954603
2,France,2040,595808890.9284307
3,France,2050,530204127.676158
