,YEAR_op,objective_Pvar
0,2020,16501365824.099688
1,2030,11517330086.357933
2,2040,11110936510.386652
3,2050,9040016538.079771
