,AREA,YEAR_op,carbonCosts_Pvar
0,Marseille,2020,47784580.88856471
1,Marseille,2030,30009965.474108994
2,Marseille,2040,23269983.836551752
3,Marseille,2050,8806965.11091074
