,YEAR_op,objective_Pvar
0,2020,91662874.55947053
1,2030,115469470.66806109
2,2040,100457423.5077991
3,2050,83438966.44636998
