,AREA,YEAR_op,carbonCosts_Pvar
0,Marseille,2020,47784580.88856471
1,Marseille,2030,32005408.744612537
2,Marseille,2040,17486805.917465247
3,Marseille,2050,2132884.250045101
