,YEAR_op,objective_Pvar
0,2020,91662874.55947053
1,2030,119282218.24335165
2,2040,104375715.10611787
3,2050,83447941.47247547
