,YEAR_op,objective_Pvar
0,2020,91662874.55947053
1,2030,199052408.24560863
2,2040,153591803.3927843
3,2050,101691571.89874454
