,AREA,YEAR_op,carbonCosts_Pvar
0,Marseille,2020,47784580.88856471
1,Marseille,2030,42754207.414943084
2,Marseille,2040,3035780.3119479916
3,Marseille,2050,-0.0
