,YEAR_op,objective_Pvar
0,2020,91662874.55947053
1,2030,170780708.34612373
2,2040,118427466.17301007
3,2050,98347999.71958776
