,AREA,YEAR_op,carbonCosts_Pvar
0,France,2020,315563058.6524525
1,France,2030,781446844.2132719
2,France,2040,601919475.7262079
3,France,2050,541742790.1390586
