,YEAR_op,objective_Pvar
0,2020,16501365824.099688
1,2030,11537369088.781878
2,2040,11190833620.548443
3,2050,9102370099.323015
