,YEAR_op,objective_Pvar
0,2020,91662874.55947053
1,2030,191748480.5512148
2,2040,132172528.67304422
3,2050,90352847.87666425
