,AREA,YEAR_op,carbonCosts_Pvar
0,Marseille,2020,52335493.3541425
1,Marseille,2030,735799.936686747
2,Marseille,2040,126012.15167141974
3,Marseille,2050,43109.159285802685
