,YEAR_op,objective_Pvar
0,2020,96213787.02504833
1,2030,203146188.15496528
2,2040,146970664.51419902
3,2050,103541719.45336823
