,YEAR_op,objective_Pvar
0,2020,91662874.55947053
1,2030,183950758.18754324
2,2040,127126997.07215206
3,2050,98747029.5129916
