,YEAR_op,objective_Pvar
0,2020,91662874.55947053
1,2030,118370484.33563052
2,2040,109404579.15668982
3,2050,84699614.9966735
