,YEAR_op,objective_Pvar
0,2020,91662874.55947053
1,2030,107708606.64039892
2,2040,99048485.72563362
3,2050,82267218.02288654
