,AREA,YEAR_op,carbonCosts_Pvar
0,Marseille,2020,52335493.3541425
1,Marseille,2030,562077.1828172854
2,Marseille,2040,59960.67080175292
3,Marseille,2050,13759.708531717106
