,YEAR_op,objective_Pvar
0,2020,96213787.02504833
1,2030,186460028.88724515
2,2040,139220723.50891772
3,2050,95630722.7580755
