,AREA,YEAR_op,carbonCosts_Pvar
0,France,2020,315563058.6524525
1,France,2030,781385861.58208
2,France,2040,601692635.7997055
3,France,2050,540042915.0362434
