,YEAR_op,objective_Pvar
0,2020,16501365824.099688
1,2030,11535321330.52508
2,2040,11180705748.213743
3,2050,9092044494.578869
