,AREA,YEAR_op,carbonCosts_Pvar
0,Marseille,2020,47784580.88856471
1,Marseille,2030,27919320.971426114
2,Marseille,2040,14640019.777918877
3,Marseille,2050,7041803.281516844
