,YEAR_op,objective_Pvar
0,2020,91662874.55947053
1,2030,118827508.07074918
2,2040,102797971.34381899
3,2050,87708088.50145777
