,YEAR_op,objective_Pvar
0,2020,91662874.55947053
1,2030,118370484.33564593
2,2040,109799007.67623231
3,2050,89559297.75791292
