,YEAR_op,objective_Pvar
0,2020,91662874.55947053
1,2030,120848986.43775417
2,2040,168533640.43372732
3,2050,120035189.89670701
