,YEAR_op,objective_Pvar
0,2020,91662874.55947053
1,2030,128372292.63541871
2,2040,109858816.71315241
3,2050,83602807.7875591
