,YEAR_op,objective_Pvar
0,2020,91662874.55947053
1,2030,119610755.7743636
2,2040,107836640.68788618
3,2050,85623949.55614127
