,AREA,YEAR_op,HORAIRE,max_PS_Dvar
0,Marseille,2020,HPE,0.0
1,Marseille,2020,HCH,0.0
2,Marseille,2020,HCE,0.0
3,Marseille,2020,HPH,0.0
4,Marseille,2020,P,0.0
5,Marseille,2030,HPE,1341.7401568584526
6,Marseille,2030,HCH,1290.3315499882851
7,Marseille,2030,HCE,1341.7401568584526
8,Marseille,2030,HPH,1242.8954675662394
9,Marseille,2030,P,782.1194170621607
