,AREA,YEAR_op,carbonCosts_Pvar
0,Marseille,2020,47784580.88856471
1,Marseille,2030,37131804.42608945
2,Marseille,2040,8852816.107339874
3,Marseille,2050,785977.04018639
