,YEAR_op,objective_Pvar
0,2020,91662874.55947053
1,2030,139352774.48332337
2,2040,112098443.03662764
3,2050,81112609.09190944
