,AREA,YEAR_op,carbonCosts_Pvar
0,Marseille,2020,27128859.627766456
1,Marseille,2030,20351331.087700106
2,Marseille,2040,14595805.335810388
3,Marseille,2050,3488675.8509538528
