,YEAR_op,objective_Pvar
0,2020,52039993.042958006
1,2030,49378070.87362579
2,2040,33603768.536094084
3,2050,20632796.72190808
