,AREA,YEAR_op,carbonCosts_Pvar
0,Marseille,2020,47784580.88856471
1,Marseille,2030,35533529.026128985
2,Marseille,2040,12980926.983514989
3,Marseille,2050,2980826.5865535527
