,YEAR_op,objective_Pvar
0,2020,91662874.55947053
1,2030,142868148.5107256
2,2040,116497527.98899849
3,2050,93101375.65138179
