,AREA,YEAR_op,HORAIRE,max_PS_Dvar
0,Marseille,2020,HPE,0.0
1,Marseille,2020,HCH,0.0
2,Marseille,2020,HCE,0.0
3,Marseille,2020,HPH,0.0
4,Marseille,2020,P,0.0
5,Marseille,2030,HPE,2097.220511784512
6,Marseille,2030,HCH,2097.220511784512
7,Marseille,2030,HCE,2097.220511784512
8,Marseille,2030,HPH,2097.220511784512
9,Marseille,2030,P,2052.7205117845115
