,YEAR_op,objective_Pvar
0,2020,104244090.37701473
1,2030,200964853.40262982
