,AREA,YEAR_op,carbonCosts_Pvar
0,Marseille,2020,52335493.3541425
1,Marseille,2030,33517691.7176986
2,Marseille,2040,21026377.434704617
3,Marseille,2050,3070221.0573228514
