,YEAR_op,objective_Pvar
0,2020,96213787.02504833
1,2030,123347972.6151348
2,2040,110569323.6746571
3,2050,88314377.6531787
