,AREA,YEAR_op,carbonCosts_Pvar
0,Marseille,2020,47784580.88856471
1,Marseille,2030,46084601.92900875
2,Marseille,2040,17023075.766890664
3,Marseille,2050,24748.492792193807
