,YEAR_op,objective_Pvar
0,2020,91662874.55947053
1,2030,119610755.7743636
2,2040,105879574.80329882
3,2050,81850650.16888212
