,AREA,YEAR_op,carbonCosts_Pvar
0,France,2020,315563058.6524524
1,France,2030,779964202.5298853
2,France,2040,595900015.704437
3,France,2050,530920104.241531
