,YEAR_op,objective_Pvar
0,2020,16501365824.099688
1,2030,11519693110.662079
2,2040,11116749288.669794
3,2050,9045797643.714315
