,AREA,YEAR_op,carbonCosts_Pvar
0,France,2020,134814738.4975828
1,France,2030,196917926.15038553
2,France,2040,94206330.11760728
3,France,2050,49498481.02547796
