,YEAR_op,objective_Pvar
0,2020,7499713664.7581215
1,2030,4755548052.915339
2,2040,3137757290.3933816
3,2050,1550579060.8311725
