,AREA,YEAR_op,carbonCosts_Pvar
0,France,2020,315563058.65245247
1,France,2030,781171349.1466604
2,France,2040,601347595.4820575
3,France,2050,537318316.1700579
