,YEAR_op,objective_Pvar
0,2020,16501365824.099688
1,2030,11531125774.390387
2,2040,11162651471.562456
3,2050,9072950432.826742
