,YEAR_op,objective_Pvar
0,2020,91662874.55947053
1,2030,102714367.9837165
2,2040,96259923.10185832
3,2050,81742583.51785152
