,AREA,YEAR_op,carbonCosts_Pvar
0,Marseille,2020,47784580.88856471
1,Marseille,2030,37429891.54482133
2,Marseille,2040,118232.04708633594
3,Marseille,2050,62395.462946671985
