,YEAR_op,objective_Pvar
0,2020,91662874.55947053
1,2030,139268023.56520534
2,2040,122966054.67249909
3,2050,81514675.9415027
