,AREA,YEAR_op,carbonCosts_Pvar
0,Marseille,2020,47784580.88856471
1,Marseille,2030,37840441.39536461
2,Marseille,2040,7358757.329887784
3,Marseille,2050,-0.0
