,AREA,YEAR_op,HORAIRE,max_PS_Dvar
0,Marseille,2020,HPE,0.0
1,Marseille,2020,HCH,0.0
2,Marseille,2020,HPH,0.0
3,Marseille,2020,HCE,0.0
4,Marseille,2020,P,0.0
5,Marseille,2030,HPE,0.0
6,Marseille,2030,HCH,0.0
7,Marseille,2030,HPH,0.0
8,Marseille,2030,HCE,0.0
9,Marseille,2030,P,0.0
10,Marseille,2040,HPE,2294.784031154073
11,Marseille,2040,HCH,2294.784031154073
12,Marseille,2040,HPH,2294.784031154073
13,Marseille,2040,HCE,2294.784031154073
14,Marseille,2040,P,2275.5840311540733
15,Marseille,2050,HPE,2807.776544877925
16,Marseille,2050,HCH,2807.776544877925
17,Marseille,2050,HPH,2807.776544877925
18,Marseille,2050,HCE,2807.776544877925
19,Marseille,2050,P,2746.450339682084
