,YEAR_op,objective_Pvar
0,2020,91662874.55947053
1,2030,149404741.6419088
2,2040,115966224.81193516
3,2050,97183243.66351157
