,AREA,YEAR_op,carbonCosts_Pvar
0,Marseille,2020,47784580.88856471
1,Marseille,2030,17811533.230270218
2,Marseille,2040,6031483.186893423
3,Marseille,2050,2083420.0550592297
