,YEAR_op,objective_Pvar
0,2020,91662874.55947053
1,2030,112380568.69248587
2,2040,100069099.01355337
3,2050,81716211.37101382
