,AREA,YEAR_op,carbonCosts_Pvar
0,Marseille,2020,47784580.88856471
1,Marseille,2030,17285571.026938602
2,Marseille,2040,6258039.942830197
3,Marseille,2050,1328525.5877048862
