,YEAR_op,objective_Pvar
0,2020,91662874.55947053
1,2030,112668350.67963864
2,2040,96778380.27614674
3,2050,78908149.78701898
