,AREA,YEAR_op,carbonCosts_Pvar
0,France,2020,115060920.01915035
1,France,2030,156998280.80598226
2,France,2040,68991113.31812638
3,France,2050,33399771.770020064
