,YEAR_op,objective_Pvar
0,2020,6627710309.598728
1,2030,4187069133.0532155
2,2040,2577040507.2924767
3,2050,1172456009.2422824
