,YEAR_op,objective_Pvar
0,2020,91662874.55947053
1,2030,91320356.07733522
2,2040,86461624.01156582
3,2050,76336736.01229891
