,YEAR_op,objective_Pvar
0,2020,91662874.55947053
1,2030,142705390.07336238
2,2040,116523475.88821472
3,2050,95031387.05681679
