,AREA,YEAR_op,carbonCosts_Pvar
0,France,2020,315563058.6524525
1,France,2030,782170777.7864947
2,France,2040,603410403.1418139
3,France,2050,538850586.4725881
