,YEAR_op,objective_Pvar
0,2020,16501344598.354656
1,2030,11707728973.070505
2,2040,11756819671.26105
3,2050,9856782478.61908
