,YEAR_op,objective_Pvar
0,2020,91662874.55947053
1,2030,130579316.85669874
2,2040,162215971.68968463
3,2050,98140892.61275682
