,AREA,YEAR_op,carbonCosts_Pvar
0,France,2020,315563058.6524524
1,France,2030,807873673.3856027
2,France,2040,603565968.288234
3,France,2050,538954137.7154313
