,YEAR_op,objective_Pvar
0,2020,16509227223.611786
1,2030,11191864842.849897
2,2040,11148085632.776062
3,2050,9058119567.54089
