,YEAR_op,objective_Pvar
0,2020,91662874.55947053
1,2030,120848986.43775417
2,2040,103263595.17316131
3,2050,68509705.29583687
