,AREA,YEAR_op,carbonCosts_Pvar
0,France,2020,316978920.62894255
1,France,2030,459269330.6611186
2,France,2040,571591080.2838476
3,France,2050,514476758.9075623
