,YEAR_op,objective_Pvar
0,2020,16507908687.568796
1,2030,12123734908.080109
2,2040,11197616395.64607
3,2050,9081609645.39674
