,AREA,YEAR_op,carbonCosts_Pvar
0,Marseille,2020,52335493.3541425
1,Marseille,2030,789939.9041234696
2,Marseille,2040,134163.9444197668
3,Marseille,2050,69243.56854975471
