,YEAR_op,objective_Pvar
0,2020,96213787.02504833
1,2030,191851930.6943418
2,2040,132193633.51594982
3,2050,90364974.58338434
