,AREA,YEAR_op,carbonCosts_Pvar
0,Marseille,2020,47784580.88856471
1,Marseille,2030,52282124.194158725
2,Marseille,2040,108817.23869911623
3,Marseille,2050,54805.436005722266
