,YEAR_op,objective_Pvar
0,2020,91662874.55947053
1,2030,121538662.37600209
2,2040,102557219.39096168
3,2050,76925765.5598717
