,AREA,YEAR_op,carbonCosts_Pvar
0,Marseille,2020,47784580.88856471
1,Marseille,2030,37097755.513988346
2,Marseille,2040,10249247.26874306
3,Marseille,2050,2527505.9899306046
