,YEAR_op,objective_Pvar
0,2020,91662874.55947053
1,2030,139344666.58690178
2,2040,111989187.79401919
3,2050,81554931.86344072
