,AREA,YEAR_op,carbonCosts_Pvar
0,Marseille,2020,47784580.88856471
1,Marseille,2030,418719.251769049
2,Marseille,2040,69302.92698345392
3,Marseille,2050,34630.07581353737
