,YEAR_op,objective_Pvar
0,2020,91662874.55947053
1,2030,176565919.69558382
2,2040,127387366.36713873
3,2050,86362992.08019343
