,YEAR_op,objective_Pvar
0,2020,91662874.55947053
1,2030,121538662.37600209
2,2040,107079593.11067334
3,2050,78802769.83424084
