,YEAR_op,objective_Pvar
0,2020,91662874.55947053
1,2030,118370484.33563052
2,2040,108623693.03697303
3,2050,85072710.31567992
