,YEAR_op,objective_Pvar
0,2020,91662874.55947053
1,2030,118370484.33564594
2,2040,107692941.38179003
3,2050,88882034.68465272
