,AREA,YEAR_op,carbonCosts_Pvar
0,Marseille,2020,47784580.88856471
1,Marseille,2030,27587120.51092985
2,Marseille,2040,53842.94607981605
3,Marseille,2050,40028.749396246865
