,YEAR_op,objective_Pvar
0,2020,91662874.55947053
1,2030,132491656.77569647
2,2040,177183037.69269678
3,2050,102325429.25639147
