,YEAR_op,objective_Pvar
0,2020,91662874.55947053
1,2030,118370484.33563052
2,2040,107774732.12249695
3,2050,82514447.91671166
