,AREA,YEAR_op,carbonCosts_Pvar
0,France,2020,419759094.76512474
1,France,2030,1239650653.8439023
2,France,2040,1131626727.021017
3,France,2050,1244774535.0230572
