,YEAR_op,objective_Pvar
0,2020,21868397889.931103
1,2030,16496262686.215658
2,2040,18063491803.636696
3,2050,17282260817.173454
