,YEAR_op,objective_Pvar
0,2020,91662874.55947053
1,2030,204288323.07596645
2,2040,129542857.55684851
3,2050,96596358.30248983
