,YEAR_op,objective_Pvar
0,2020,91662874.55947053
1,2030,185509587.66438168
2,2040,127908786.49310228
3,2050,98861828.26088735
