,AREA,YEAR_op,carbonCosts_Pvar
0,France,2020,364403765.67425895
1,France,2030,983558576.1427369
2,France,2040,825765319.4374782
3,France,2050,808230068.5020912
