,YEAR_op,objective_Pvar
0,2020,18979970026.50193
1,2030,13731452474.50666
2,2040,14140404587.917713
3,2050,12447294224.72105
