,AREA,YEAR_op,carbonCosts_Pvar
0,Marseille,2020,47784580.88856471
1,Marseille,2030,30865368.07213268
2,Marseille,2040,13830351.74961721
3,Marseille,2050,1896584.1828552964
