,YEAR_op,objective_Pvar
0,2020,91662874.55947053
1,2030,119155351.63651974
2,2040,102547116.03786692
3,2050,79357686.34147142
