,YEAR_op,objective_Pvar
0,2020,91662874.55947053
1,2030,131318225.1383435
2,2040,118315545.85805087
3,2050,91553203.86826104
