,AREA,YEAR_op,carbonCosts_Pvar
0,Marseille,2020,52335493.3541425
1,Marseille,2030,480079.86039951
2,Marseille,2040,82149.5609351613
3,Marseille,2050,41976.57731047717
