,YEAR_op,objective_Pvar
0,2020,96213787.02504833
1,2030,176628215.29177853
2,2040,127399302.23968035
3,2050,86371946.89583102
