,AREA,YEAR_op,carbonCosts_Pvar
0,Marseille,2020,47784580.88856471
1,Marseille,2030,12777439.082882272
2,Marseille,2040,1044539.4100260674
3,Marseille,2050,202963.47282051586
