,YEAR_op,objective_Pvar
0,2020,91662874.55947053
1,2030,128342737.04622643
2,2040,105122613.59682569
3,2050,86024626.4823468
