,YEAR_op,objective_Pvar
0,2020,91662874.55947053
1,2030,120848986.43775417
2,2040,147702033.03261074
3,2050,89227288.13796277
