,YEAR_op,objective_Pvar
0,2020,91662874.55947053
1,2030,122520548.88212936
2,2040,118176135.92665164
3,2050,85518237.4072882
