,AREA,YEAR_op,carbonCosts_Pvar
0,Marseille,2020,47784580.88856471
1,Marseille,2030,16302657.427376276
2,Marseille,2040,8173416.285614232
3,Marseille,2050,2721862.1575325653
