,YEAR_op,objective_Pvar
0,2020,91662874.55947053
1,2030,113206155.1589035
2,2040,98768249.79895282
3,2050,78115514.31758551
