,AREA,YEAR_op,carbonCosts_Pvar
0,France,2020,315563058.6524526
1,France,2030,781531160.0701637
2,France,2040,601694336.7826235
3,France,2050,535860840.6275474
