,YEAR_op,objective_Pvar
0,2020,16508720544.75306
1,2030,11540429257.522055
2,2040,11168439827.607082
3,2050,9070378523.992706
