,AREA,YEAR_op,carbonCosts_Pvar
0,Marseille,2020,52335493.3541425
1,Marseille,2030,8413532.485670898
2,Marseille,2040,152533.32550376563
3,Marseille,2050,-0.0
