,YEAR_op,objective_Pvar
0,2020,96213787.02504833
1,2030,183504581.836699
2,2040,126491687.03634125
3,2050,98597890.18287161
