,YEAR_op,objective_Pvar
0,2020,91662874.55947053
1,2030,199148303.79118758
2,2040,146201542.6048292
3,2050,90352378.94610687
