,AREA,YEAR_op,carbonCosts_Pvar
0,Marseille,2020,31191136.94231541
1,Marseille,2030,25679837.11742776
2,Marseille,2040,12400662.21309065
3,Marseille,2050,3057280.6057383595
