,YEAR_op,objective_Pvar
0,2020,59832465.19579902
1,2030,61500844.08136734
2,2040,45145394.20805245
3,2050,29519051.783628657
