,AREA,YEAR_op,carbonCosts_Pvar
0,Marseille,2020,47784580.88856471
1,Marseille,2030,35805722.22889848
2,Marseille,2040,106871.36386124679
3,Marseille,2050,36039.392359049925
