,YEAR_op,objective_Pvar
0,2020,91662874.55947053
1,2030,199775679.50083095
2,2040,141161636.09610057
3,2050,103810047.28391281
