,AREA,YEAR_op,carbonCosts_Pvar
0,Marseille,2020,47784580.88856471
1,Marseille,2030,27587120.51092984
2,Marseille,2040,18879436.5730923
3,Marseille,2050,2730769.146588668
