,YEAR_op,objective_Pvar
0,2020,91662874.55947053
1,2030,118790539.96405865
2,2040,104985029.47116339
3,2050,78371468.44019613
