,AREA,YEAR_op,carbonCosts_Pvar
0,France,2020,315563058.6524526
1,France,2030,780233990.8365424
2,France,2040,596028980.82276
3,France,2050,532167181.44986326
