,YEAR_op,objective_Pvar
0,2020,16501365824.099688
1,2030,11522023535.793247
2,2040,11123147237.078299
3,2050,9052004975.516294
