,AREA,YEAR_op,carbonCosts_Pvar
0,Marseille,2020,35908717.28564537
1,Marseille,2030,32474320.701920312
2,Marseille,2040,12786749.541401858
3,Marseille,2050,4339984.046109953
