,YEAR_op,objective_Pvar
0,2020,68881973.786101
1,2030,76892562.43938866
2,2040,60105335.9324459
3,2050,42492131.9207053
