,AREA,YEAR_op,carbonCosts_Pvar
0,Marseille,2020,52335493.3541425
1,Marseille,2030,36722998.855352
2,Marseille,2040,19579358.694103114
3,Marseille,2050,11603.18599032043
