,YEAR_op,objective_Pvar
0,2020,96213787.02504833
1,2030,124167522.28051585
2,2040,107184168.26951487
3,2050,83855700.7543391
