,YEAR_op,objective_Pvar
0,2020,91662874.55947053
1,2030,128895489.12688507
2,2040,110194096.13598406
3,2050,84690655.47356749
