,YEAR_op,objective_Pvar
0,2020,91662874.55947053
1,2030,184570308.77143848
2,2040,127760371.75642078
3,2050,98874084.0790501
