,AREA,YEAR_op,carbonCosts_Pvar
0,Marseille,2020,47784580.88856471
1,Marseille,2030,21358126.193860486
2,Marseille,2040,1578151.8463918352
3,Marseille,2050,53796.55720481722
