,YEAR_op,objective_Pvar
0,2020,91662874.55947053
1,2030,110440038.43347251
2,2040,94605185.71361667
3,2050,75125487.76260647
