,AREA,YEAR_op,carbonCosts_Pvar
0,Marseille,2020,63941864.27015571
1,Marseille,2030,50126479.63889576
2,Marseille,2040,27569246.34149082
3,Marseille,2050,9257818.638620501
