,YEAR_op,objective_Pvar
0,2020,122656617.98651117
1,2030,187151629.79846188
2,2040,190480448.58309284
3,2050,186307331.55449915
