,YEAR_op,objective_Pvar
0,2020,91662874.55947053
1,2030,182539437.95119938
2,2040,126023010.63961932
3,2050,98435353.45740384
