,YEAR_op,objective_Pvar
0,2020,91662874.55947053
1,2030,142395458.94203717
2,2040,140915934.97277424
3,2050,101712630.59313846
