,AREA,YEAR_op,carbonCosts_Pvar
0,Marseille,2020,47784580.88856471
1,Marseille,2030,46084601.92900875
2,Marseille,2040,24349249.3106541
3,Marseille,2050,884499.9065085141
