,AREA,YEAR_op,carbonCosts_Pvar
0,France,2020,315563058.65245265
1,France,2030,780526171.0163147
2,France,2040,598225500.9638513
3,France,2050,533509238.94951504
