,YEAR_op,objective_Pvar
0,2020,16501365824.099688
1,2030,11524422355.085703
2,2040,11134250669.167665
3,2050,9054377709.229288
