,YEAR_op,objective_Pvar
0,2020,16509227223.611786
1,2030,11540429257.522057
2,2040,11168439827.60708
3,2050,9070378523.992708
