,AREA,YEAR_op,carbonCosts_Pvar
0,Marseille,2020,47784580.88856471
1,Marseille,2030,16973768.00370437
2,Marseille,2040,6606460.035275259
3,Marseille,2050,1896584.1828552957
