,YEAR_op,objective_Pvar
0,2020,91662874.55947053
1,2030,112838954.75166176
2,2040,96950061.19650437
3,2050,79255292.16486914
