,YEAR_op,objective_Pvar
0,2020,91662874.55947053
1,2030,130021593.34250209
2,2040,114723806.23595083
3,2050,84766155.9766243
