,YEAR_op,objective_Pvar
0,2020,91662874.55947053
1,2030,123667560.76423799
2,2040,121906956.07286207
3,2050,138463427.71954536
