,YEAR_op,objective_Pvar
0,2020,91662874.55947053
1,2030,206580413.49630824
2,2040,147288743.94945234
3,2050,103506514.73988701
