,YEAR_op,objective_Pvar
0,2020,91662874.55947053
1,2030,186386222.17025304
2,2040,139213270.0994547
3,2050,95626317.09849009
