,YEAR_op,objective_Pvar
0,2020,91662874.55947053
1,2030,120848986.43775417
2,2040,105640511.9672766
3,2050,79255457.18719316
