,AREA,YEAR_op,carbonCosts_Pvar
0,Marseille,2020,20601440.739075866
1,Marseille,2030,12863808.846531091
2,Marseille,2040,7679191.961522701
3,Marseille,2050,1361759.211095896
