,YEAR_op,objective_Pvar
0,2020,39518757.78954874
1,2030,32206951.86593584
2,2040,18557546.279448718
3,2050,10196765.490141824
