,AREA,YEAR_op,carbonCosts_Pvar
0,France,2020,315563058.6524525
1,France,2030,804627606.62381
2,France,2040,603298369.6629256
3,France,2050,538876549.8142058
