,YEAR_op,objective_Pvar
0,2020,16509227223.611786
1,2030,11232574306.196226
2,2040,11150831183.661142
3,2050,9059883603.099258
