,AREA,YEAR_op,carbonCosts_Pvar
0,Marseille,2020,47784580.88856471
1,Marseille,2030,35560281.93430135
2,Marseille,2040,15299794.185791155
3,Marseille,2050,9173967.092300037
