,YEAR_op,objective_Pvar
0,2020,91662874.55947053
1,2030,129579905.19524793
2,2040,161175530.03716543
3,2050,97178917.34443578
