,AREA,YEAR_op,carbonCosts_Pvar
0,Marseille,2020,47784580.88856471
1,Marseille,2030,15529919.61170675
2,Marseille,2040,13781890.505440935
3,Marseille,2050,4930813.796887151
