,YEAR_op,objective_Pvar
0,2020,91662874.55947053
1,2030,113628961.25166178
2,2040,103893350.98198277
3,2050,82573520.89007214
