,AREA,YEAR_op,carbonCosts_Pvar
0,Marseille,2020,47784580.88856471
1,Marseille,2030,12420661.574337354
2,Marseille,2040,455992.76040803106
3,Marseille,2050,57042.46070755025
