,YEAR_op,objective_Pvar
0,2020,91662874.55947053
1,2030,179812765.22316784
2,2040,117656534.8317025
3,2050,86726716.84368491
