,YEAR_op,objective_Pvar
0,2020,91662874.55947053
1,2030,118790539.96405868
2,2040,106890820.99270567
3,2050,80173329.89432207
