,YEAR_op,objective_Pvar
0,2020,91662874.55947053
1,2030,199231587.55645844
2,2040,131542274.30679673
3,2050,88674753.05931434
