,AREA,YEAR_op,carbonCosts_Pvar
0,Marseille,2020,47784580.88856471
1,Marseille,2030,583044.2741016574
2,Marseille,2040,104857.13686023332
3,Marseille,2050,35621.755900710894
