,AREA,YEAR_op,HORAIRE,max_PS_Dvar
0,Marseille,2020,HPE,0.0
1,Marseille,2020,HCH,0.0
2,Marseille,2020,HCE,0.0
3,Marseille,2020,HPH,0.0
4,Marseille,2020,P,0.0
5,Marseille,2030,HPE,2062.095101010101
6,Marseille,2030,HCH,2062.095101010101
7,Marseille,2030,HCE,2062.095101010101
8,Marseille,2030,HPH,2059.6451010101014
9,Marseille,2030,P,2022.1451010101011
