,YEAR_op,objective_Pvar
0,2020,91662874.55947053
1,2030,107708606.64039892
2,2040,97883696.7131638
3,2050,81519148.87515002
