,YEAR_op,objective_Pvar
0,2020,91662874.55947053
1,2030,120848986.43775417
2,2040,102797277.89414367
3,2050,77127376.7397214
