,AREA,YEAR_op,carbonCosts_Pvar
0,France,2020,155647737.00900024
1,France,2030,247464430.2790152
2,France,2040,128127568.03325714
3,France,2050,72753206.57098582
