,YEAR_op,objective_Pvar
0,2020,8504875384.19837
1,2030,5427163535.340525
2,2040,3831136942.471865
3,2050,2058828577.587551
