,AREA,YEAR_op,carbonCosts_Pvar
0,Marseille,2020,47784580.88856471
1,Marseille,2030,29496114.860725354
2,Marseille,2040,978420.0835851044
3,Marseille,2050,-0.0
