,YEAR_op,objective_Pvar
0,2020,91662874.55947053
1,2030,199618231.6632344
2,2040,125631326.06504023
3,2050,80195178.93907836
