,YEAR_op,objective_Pvar
0,2020,91662874.55947053
1,2030,121538662.37600209
2,2040,103949079.40156582
3,2050,92065766.54106742
