,AREA,YEAR_op,carbonCosts_Pvar
0,Marseille,2020,47784580.88856471
1,Marseille,2030,640583.8358014318
2,Marseille,2040,106190.01545344335
3,Marseille,2050,35677.06421674686
