,YEAR_op,objective_Pvar
0,2020,91662874.55947053
1,2030,203049789.14481336
2,2040,146950842.377981
3,2050,103534154.64025398
