,YEAR_op,objective_Pvar
0,2020,91662874.55947053
1,2030,121538662.37600209
2,2040,107138741.4759079
3,2050,79440962.80882432
