,YEAR_op,objective_Pvar
0,2020,91662874.55947053
1,2030,119155351.63651976
2,2040,104123728.80561796
3,2050,82541812.54480682
