,AREA,YEAR_op,HORAIRE,max_PS_Dvar
0,Marseille,2020,HPE,-0.0
1,Marseille,2020,HCH,-0.0
2,Marseille,2020,HCE,-0.0
3,Marseille,2020,HPH,0.0
4,Marseille,2020,P,0.0
5,Marseille,2030,HPE,1330.1838868206612
6,Marseille,2030,HCH,1330.1838868206612
7,Marseille,2030,HCE,1330.1838868206612
8,Marseille,2030,HPH,1330.1838868206612
9,Marseille,2030,P,1179.5094753460994
