,YEAR_op,objective_Pvar
0,2020,91662874.55947053
1,2030,120848986.43775417
2,2040,105436276.50459754
3,2050,78532935.1905415
