,YEAR_op,objective_Pvar
0,2020,91662874.55947053
1,2030,200757566.00695822
2,2040,118564108.09831409
3,2050,85562173.02801669
