,YEAR_op,objective_Pvar
0,2020,91662874.55947053
1,2030,131318225.1383435
2,2040,120995945.27139951
3,2050,92538233.95076893
