,AREA,YEAR_op,carbonCosts_Pvar
0,Marseille,2020,47784580.88856471
1,Marseille,2030,19725799.85445661
2,Marseille,2040,17268934.995978735
3,Marseille,2050,8263409.294680519
