,AREA,YEAR_op,carbonCosts_Pvar
0,Marseille,2020,47784580.88856471
1,Marseille,2030,21358126.193860486
2,Marseille,2040,88822.18241550519
3,Marseille,2050,30277.25187395531
