,YEAR_op,objective_Pvar
0,2020,91662874.55947053
1,2030,110440038.43347251
2,2040,96441711.76334196
3,2050,91727617.29231785
