,AREA,YEAR_op,carbonCosts_Pvar
0,Marseille,2020,47784580.88856471
1,Marseille,2030,52282124.194158725
2,Marseille,2040,18905515.458407477
3,Marseille,2050,53796.55720481722
