,YEAR_op,objective_Pvar
0,2020,91662874.55947053
1,2030,121538662.37600209
2,2040,103932962.9049505
3,2050,75166830.35579216
