,YEAR_op,objective_Pvar
0,2020,91662874.55947053
1,2030,199618231.6632344
2,2040,142553070.5222898
3,2050,138563039.3504677
