,AREA,YEAR_op,carbonCosts_Pvar
0,Marseille,2020,47784580.88856471
1,Marseille,2030,52282124.194158725
2,Marseille,2040,18487425.156171948
3,Marseille,2050,39103.51533553736
