,YEAR_op,objective_Pvar
0,2020,91662874.55947053
1,2030,126051305.95113759
2,2040,106623604.50323588
3,2050,82006589.91795677
