,AREA,YEAR_op,carbonCosts_Pvar
0,Marseille,2020,47784580.88856471
1,Marseille,2030,32388466.554716848
2,Marseille,2040,18457506.30749508
3,Marseille,2050,2405460.204522947
