,AREA,YEAR_op,carbonCosts_Pvar
0,Marseille,2020,60400953.09782959
1,Marseille,2030,381210.53329861537
