,YEAR_op,objective_Pvar
0,2020,91662874.55947053
1,2030,120848986.43775417
2,2040,105641359.34076492
3,2050,78934256.67660132
