,AREA,YEAR_op,carbonCosts_Pvar
0,France,2020,315563058.65245247
1,France,2030,492590894.9259132
2,France,2040,572747802.6305475
3,France,2050,514476758.907563
