,YEAR_op,objective_Pvar
0,2020,16509227223.611786
1,2030,12099021602.783892
2,2040,11197602309.481655
3,2050,9081682794.699322
