,YEAR_op,objective_Pvar
0,2020,91662874.55947053
1,2030,125876540.30351913
2,2040,110183232.34546725
3,2050,81204616.92245603
