,AREA,YEAR_op,carbonCosts_Pvar
0,Marseille,2020,47784580.88856471
1,Marseille,2030,34957691.912162624
2,Marseille,2040,21889154.255695987
3,Marseille,2050,3763529.3828914636
