,YEAR_op,objective_Pvar
0,2020,91662874.55947053
1,2030,121538662.37600209
2,2040,154680115.7274535
3,2050,87212876.47645682
