,AREA,YEAR_op,carbonCosts_Pvar
0,Marseille,2020,47784580.88856471
1,Marseille,2030,23812443.20893646
2,Marseille,2040,22785435.54853126
3,Marseille,2050,4930813.796887147
