,AREA,YEAR_op,carbonCosts_Pvar
0,Marseille,2020,47784580.88856471
1,Marseille,2030,24711647.643867206
2,Marseille,2040,17802633.986453433
3,Marseille,2050,6298197.523653923
