,YEAR_op,objective_Pvar
0,2020,91662874.55947053
1,2030,125595631.51753826
2,2040,111984531.85525805
3,2050,91316154.96457037
