,AREA,YEAR_op,carbonCosts_Pvar
0,Marseille,2020,47784580.88856471
1,Marseille,2030,34957691.91216239
2,Marseille,2040,18695476.655747384
3,Marseille,2050,-0.0
