,YEAR_op,objective_Pvar
0,2020,91662874.55947053
1,2030,119610755.7743636
2,2040,107553501.31768237
3,2050,84181610.8971522
