,YEAR_op,objective_Pvar
0,2020,91662874.55947053
1,2030,131318225.1383435
2,2040,118422660.09724587
3,2050,91943551.25998898
