,YEAR_op,objective_Pvar
0,2020,91662874.55947053
1,2030,119324845.8843769
2,2040,102555829.19405541
3,2050,79025505.49789745
