,AREA,YEAR_op,HORAIRE,max_PS_Dvar
0,Marseille,2020,HCH,0.0
1,Marseille,2020,HCE,0.0
2,Marseille,2020,HPE,0.0
3,Marseille,2020,P,0.0
4,Marseille,2020,HPH,0.0
5,Marseille,2030,HCH,0.0
6,Marseille,2030,HCE,0.0
7,Marseille,2030,HPE,0.0
8,Marseille,2030,P,0.0
9,Marseille,2030,HPH,0.0
10,Marseille,2040,HCH,412.1347690451705
11,Marseille,2040,HCE,412.1347690451705
12,Marseille,2040,HPE,412.1347690451705
13,Marseille,2040,P,404.9081910149787
14,Marseille,2040,HPH,412.1347690451705
15,Marseille,2050,HCH,2077.5614621668005
16,Marseille,2050,HCE,2077.5614621668005
17,Marseille,2050,HPE,2077.5614621668005
18,Marseille,2050,P,2034.3137675210385
19,Marseille,2050,HPH,2077.5614621668005
