,AREA,YEAR_op,carbonCosts_Pvar
0,Marseille,2020,47784580.88856471
1,Marseille,2030,34957691.91216239
2,Marseille,2040,21843748.234309632
3,Marseille,2050,3717612.87512002
