,YEAR_op,objective_Pvar
0,2020,91662874.55947053
1,2030,119610755.7743636
2,2040,107715440.89472929
3,2050,85641501.63924189
