,YEAR_op,objective_Pvar
0,2020,91662874.55947053
1,2030,120848986.43775417
2,2040,107077334.57461396
3,2050,104777938.56700318
