,AREA,YEAR_op,carbonCosts_Pvar
0,Marseille,2020,47784580.88856471
1,Marseille,2030,52282124.194158725
2,Marseille,2040,107848.81314067337
3,Marseille,2050,36047.89162628287
