,AREA,YEAR_op,carbonCosts_Pvar
0,France,2020,315563058.65245235
1,France,2030,796641812.0615902
2,France,2040,602610201.3137997
3,France,2050,538699836.493978
