,YEAR_op,objective_Pvar
0,2020,16509227223.611786
1,2030,11363482349.127714
2,2040,11158470781.163237
3,2050,9064468869.685911
