,YEAR_op,objective_Pvar
0,2020,91662874.55947053
1,2030,118370484.3356459
2,2040,109799007.67623265
3,2050,94630129.42145774
