,YEAR_op,objective_Pvar
0,2020,91662874.55947053
1,2030,126051305.95113759
2,2040,109389607.25625445
3,2050,91442017.96456279
