,AREA,YEAR_op,carbonCosts_Pvar
0,France,2020,315563058.6524526
1,France,2030,518053237.70292413
2,France,2040,576594485.6020857
3,France,2050,515016976.7663216
