,YEAR_op,objective_Pvar
0,2020,16509227223.611786
1,2030,12073590102.996109
2,2040,11197171229.253065
3,2050,9081751149.231382
