,YEAR_op,objective_Pvar
0,2020,91662874.55947053
1,2030,121538662.37600209
2,2040,140764470.17542285
3,2050,105675084.10041223
