,AREA,YEAR_op,carbonCosts_Pvar
0,Marseille,2020,47784580.88856471
1,Marseille,2030,37000175.046192944
2,Marseille,2040,10188688.099911513
3,Marseille,2050,2464636.957443933
