,YEAR_op,objective_Pvar
0,2020,91662874.55947053
1,2030,139123002.88884643
2,2040,111716015.56133583
3,2050,81290257.93327259
