,YEAR_op,objective_Pvar
0,2020,91662874.55947053
1,2030,199775679.50083095
2,2040,129258557.90190777
3,2050,80963690.78798234
