,AREA,YEAR_op,carbonCosts_Pvar
0,France,2020,315563058.6524524
1,France,2030,780647700.9420645
2,France,2040,598687920.1693027
3,France,2050,534737618.46139526
