,YEAR_op,objective_Pvar
0,2020,16501365824.099688
1,2030,11526480569.329166
2,2040,11142234813.781412
3,2050,9061160673.728569
