,AREA,YEAR_op,carbonCosts_Pvar
0,France,2020,315563058.6524527
1,France,2030,781291214.9273922
2,France,2040,601692720.6908852
3,France,2050,538721209.8218595
