,YEAR_op,objective_Pvar
0,2020,16501365824.099688
1,2030,11533231594.294746
2,2040,11171691741.546843
3,2050,9081869955.248783
