,AREA,YEAR_op,HORAIRE,max_PS_Dvar
0,Marseille,2020,HCH,0.0
1,Marseille,2020,HCE,0.0
2,Marseille,2020,HPE,0.0
3,Marseille,2020,P,0.0
4,Marseille,2020,HPH,0.0
5,Marseille,2030,HCH,1.1920773730538149e-14
6,Marseille,2030,HCE,0.0
7,Marseille,2030,HPE,0.0
8,Marseille,2030,P,0.0
9,Marseille,2030,HPH,1.1920773730538149e-14
10,Marseille,2040,HCH,636.3634495103476
11,Marseille,2040,HCE,636.3634495103476
12,Marseille,2040,HPE,636.3634495103476
13,Marseille,2040,P,623.2254485701036
14,Marseille,2040,HPH,636.3634495103476
15,Marseille,2050,HCH,2048.5822313285817
16,Marseille,2050,HCE,2048.5822313285817
17,Marseille,2050,HPE,2048.5822313285817
18,Marseille,2050,P,1966.755864664301
19,Marseille,2050,HPH,2048.5822313285817
