,YEAR_op,objective_Pvar
0,2020,91662874.55947053
1,2030,118370484.33564594
2,2040,108583902.49678148
3,2050,87668733.28934465
