,AREA,YEAR_op,carbonCosts_Pvar
0,Marseille,2020,47784580.88856471
1,Marseille,2030,491958.4393810807
2,Marseille,2040,50644.28507528084
3,Marseille,2050,11396.131234591046
