,AREA,YEAR_op,carbonCosts_Pvar
0,Marseille,2020,23626010.987570588
1,Marseille,2030,16163085.056617383
2,Marseille,2040,10571389.550737206
3,Marseille,2050,2433023.3512692964
