,YEAR_op,objective_Pvar
0,2020,45320646.14200373
1,2030,39799622.03564
2,2040,24901920.03002786
3,2050,14502222.055741629
