,AREA,YEAR_op,carbonCosts_Pvar
0,France,2020,315563058.6524527
1,France,2030,472352521.7172258
2,France,2040,572163151.3944273
3,France,2050,514476758.9075624
