,YEAR_op,objective_Pvar
0,2020,16509227223.611786
1,2030,12114526428.632889
2,2040,11197515254.90295
3,2050,9081568322.321787
