,YEAR_op,objective_Pvar
0,2020,91662874.55947053
1,2030,118370484.33564594
2,2040,108675907.21665251
3,2050,84956101.56078754
