,AREA,YEAR_op,carbonCosts_Pvar
0,Marseille,2020,47784580.88856471
1,Marseille,2030,8348227.830119682
2,Marseille,2040,860103.2941128813
3,Marseille,2050,-0.0
