,YEAR_op,objective_Pvar
0,2020,91662874.55947053
1,2030,182688360.117826
2,2040,126283047.5833423
3,2050,98570255.9098754
