,YEAR_op,objective_Pvar
0,2020,91662874.55947053
1,2030,126051305.95113759
2,2040,109472664.81628901
3,2050,92479507.62736829
