,AREA,YEAR_op,carbonCosts_Pvar
0,Marseille,2020,47784580.88856471
1,Marseille,2030,35201171.65608226
2,Marseille,2040,8720947.713515159
3,Marseille,2050,202963.47282051697
