,YEAR_op,objective_Pvar
0,2020,91662874.55947053
1,2030,139598765.2346741
2,2040,111389641.74507038
3,2050,86312699.54675461
