,AREA,YEAR_op,carbonCosts_Pvar
0,Marseille,2020,47784580.88856471
1,Marseille,2030,46084601.92900876
2,Marseille,2040,24501099.575091656
3,Marseille,2050,34619.212310162584
