,AREA,YEAR_op,carbonCosts_Pvar
0,Marseille,2020,47784580.88856471
1,Marseille,2030,23812443.20895187
2,Marseille,2040,22558549.02929021
3,Marseille,2050,8403769.031966133
