,YEAR_op,objective_Pvar
0,2020,91662874.55947053
1,2030,118370484.33564593
2,2040,109051405.79175895
3,2050,89335352.54431093
