,AREA,YEAR_op,carbonCosts_Pvar
0,Marseille,2020,47784580.88856471
1,Marseille,2030,27587120.510929193
2,Marseille,2040,24349235.084754776
3,Marseille,2050,5034232.237032426
