,YEAR_op,objective_Pvar
0,2020,91662874.55947053
1,2030,118790539.964058
2,2040,108708704.70225626
3,2050,85564504.25184095
