,AREA,YEAR_op,carbonCosts_Pvar
0,Marseille,2020,47784580.88856471
1,Marseille,2030,687901.8725102185
2,Marseille,2040,113076.35326037699
3,Marseille,2050,57203.96850092827
