,YEAR_op,objective_Pvar
0,2020,91662874.55947053
1,2030,120848986.43775417
2,2040,120146382.96923514
3,2050,138463427.71954536
