,AREA,YEAR_op,carbonCosts_Pvar
0,Marseille,2020,47784580.88856471
1,Marseille,2030,8333886.558066542
2,Marseille,2040,-0.0
3,Marseille,2050,-0.0
