,YEAR_op,objective_Pvar
0,2020,91662874.55947053
1,2030,181665100.1417571
2,2040,125723569.95168778
3,2050,98510154.44295356
